class_code,China_Drone,China_MotorBike,Czech,India,Japan,Norway,United_States,TOTAL
TOTAL,3840,4927,1745,8203,24753,11229,11014,65711
D00,1426,2678,988,1555,4049,8570,6750,26016
D10,1263,1096,399,68,3979,1730,3295,11830
D20,293,641,161,2021,6198,468,834,10616
D40,86,235,197,3187,2243,461,135,6544
D44,0,0,0,1062,3995,0,0,5057
D50,0,0,0,28,3553,0,0,3581
Repair,769,277,0,0,0,0,0,1046
D43,0,0,0,57,736,0,0,793
D01,0,0,0,179,0,0,0,179
D11,0,0,0,45,0,0,0,45
Block crack,3,0,0,0,0,0,0,3
D0w0,0,0,0,1,0,0,0,1
